POINT_TYPE,AveTree,AvePFG,AveAFG,AveBG,AveShrub,AveLit,DensOil,DensRoadway,DensWind,DistHighway,DistOil,DistRoadway,DistWind,Ruggedness,VarAFG,VarPFG,VarBG,VarLit,VarShrub,AvePrecip,AveTemp,AveCrop,DistTrans
LEK,1.466879129,65.84765625,16.12623978,4.629093647,2.727332592,5.104388237,0,1447.875244,8,5.999303223,7.902321289,1.578411621,3.08065332,16.91625595,15.35813522,17.83613586,6.645042419,5.174939156,1.711085916,529.2733765,25.77754211,0.155740783,6.94771582
LEK,2.467913389,50.10760498,22.53144646,10.43611336,2.13618803,9.327334404,2,2206.677734,5,7.444044434,3.053919434,0.469613007,4.774812012,10.63494492,17.69176674,23.41259003,11.68966579,8.248807907,1.757980466,565.8293457,25.51555252,0.576731563,3.694075439
LEK,2.717666626,74.3804245,5.408582687,6.206313133,3.049627304,5.722161293,2,2514.904785,0,3.088498535,1.126827148,0.349741364,31.44891797,12.51010418,6.165252209,16.48492622,8.081224442,3.744889021,2.481354237,579.9074097,25.9922924,0.121268034,11.20155078
LEK,3.095803499,72.13381958,6.602296352,6.782732964,2.888813734,5.987277985,3,2164.562256,0,1.132734619,1.749388306,0.276766602,31.22585352,15.82151699,7.412293911,18.97265434,9.293881416,4.202263832,2.094973564,579.942688,26.02983665,0.153652191,11.44333398
LEK,2.774703026,73.78250122,5.695006371,6.587862968,2.87374115,5.906885624,3,2410.295654,0,2.752145752,0.706220276,0.483796417,32.91826563,13.56892586,6.51330328,17.73552132,8.837418556,3.834624052,1.981775999,580.5780029,25.98867607,0.151008964,12.80198438
LEK,2.615676165,73.9683609,6.072494507,5.783052444,3.593702078,5.623809338,4,2125.532959,0,1.231079468,2.292602783,0.400488098,34.86620703,11.41486454,5.95271349,16.43464851,7.902786255,3.552621603,4.291088104,580.8399048,25.94915962,0.122643173,15.17870605
LEK,2.687465429,73.6654892,6.109427929,5.645247459,3.8489182,5.599390507,4,2090.572021,0,1.095264526,1.895338257,0.509110107,35.18886328,11.61020851,5.783516884,16.18650818,7.721148491,3.45188427,4.942121983,580.8056641,25.9426899,0.109530531,15.27942578
LEK,2.926001072,70.38463593,7.637095451,6.43148756,3.884150028,5.969845772,6,2206.535645,0,1.566705933,0.956869568,0.092825043,34.09180859,11.18850327,6.379599094,17.42939186,7.81691885,3.30698204,4.070550919,580.9963379,25.94357872,0.156283975,13.14706738
LEK,2.755192518,77.0007019,5.673436642,4.230186462,2.843013287,4.961242199,0,2276.474854,0,2.28636792,5.738453613,0.150831574,21.41571484,12.74950695,6.001448631,11.52565575,3.953613281,1.964002967,1.965622187,591.4814453,26.14095497,0.084117413,3.820532471
LEK,2.424407482,77.19411469,6.321015835,4.047408104,2.658119678,4.799337864,2,1914.57251,0,2.670079834,3.327245605,0.506448395,22.49397656,15.85844326,5.622567177,12.03612518,4.552597046,2.160218,2.19927907,587.0028076,26.13008881,0.058881428,3.547049561
LEK,2.655956984,75.85761261,7.12740612,4.192011356,2.677404404,4.864667892,2,1771.937866,0,0.741450867,1.817441284,0.172625732,23.62298828,16.64767075,6.446002483,13.58611298,4.959785938,2.391628504,2.138287783,584.8699341,26.11581802,0.069705449,3.770086914
LEK,2.881742954,75.88020325,6.902917862,3.942324162,2.908709764,4.779423237,2,1679.72876,0,1.990985229,1.762413818,1.123329468,22.05427539,18.1126976,5.788754463,12.36415958,4.388897419,2.069705963,2.574134111,585.8583984,26.16703987,0.054840546,2.390901367
LEK,2.34466362,71.44168854,7.830150604,5.969018459,3.251708984,6.175500393,2,2516.175781,0,8.532855469,1.710363647,0.483789276,36.00841797,18.035923,7.601449013,17.19315338,7.117938042,4.058173656,2.495289564,575.5290527,25.94182968,0.149056047,7.76842334
LEK,4.469389439,69.73168945,8.151185036,4.920143127,4.11962986,5.813573837,6,2104.437744,0,3.37630957,3.051986084,0.241828033,18.32772266,18.79241943,6.530377388,15.94376659,5.216210365,2.502981663,4.290173054,584.2472534,26.36777306,0.069228537,2.733155762
LEK,2.18222332,72.82591248,8.222579956,5.945793629,2.691282749,5.294002056,17,2744.870605,0,4.274243652,1.710363647,0.533716675,6.332982422,10.6784935,9.302146912,20.32342529,8.462692261,3.821995258,1.784247398,545.5549927,25.73273468,0.190093085,0.912670105
LEK,3.462422371,65.56710052,9.752851486,7.326272011,3.610128641,7.122337818,0,2481.482666,0,2.720697021,5.568540527,0.172895309,28.93526953,17.33816338,8.456374168,21.59872818,8.6804142,4.602200508,3.270604372,572.4505615,26.23090935,0.234059215,1.086492798
LEK,2.152558088,60.19332886,13.77800369,6.707718849,6.726486206,6.747049809,0,1230.483887,0,9.085415039,8.443288086,0.330297669,19.54171289,17.92726707,10.73999119,17.54897499,7.226482391,3.76097393,5.876517296,475.7567139,25.95433426,0.169423193,7.471415527
LEK,2.075446844,58.77426147,14.27240372,7.006252766,6.907139301,7.22285223,0,1396.136108,0,9.309713867,8.094371094,0.789462219,20.31723633,15.80678844,11.22549152,18.04025841,7.064276695,3.991353273,6.284626961,474.100769,25.95289803,0.188355252,7.714290039
LEK,2.478416204,34.36957169,16.35151863,23.72410774,4.367004395,15.59610939,0,1635.29126,0,10.10784766,6.382682617,1.177550171,28.43958398,13.77183533,15.05186081,20.39758492,13.1412735,6.101518631,4.213721275,472.2796021,25.94763184,0.245807886,7.39463916
LEK,2.811683655,61.54349136,19.68684387,4.406833649,3.725696564,3.821791649,6,668.3712158,0,6.891205078,3.328575684,1.093592285,12.79687109,13.72259808,12.7589941,16.33950233,5.746032238,3.080232382,4.419340611,626.9162598,27.09336472,0.155502021,10.21303223
LEK,2.904713631,42.95321274,14.54745007,16.33410454,8.942540169,12.28099823,9,1885.08374,0,12.58929004,2.242002197,0.357421234,36.33193359,20.68255424,10.42218304,18.69338608,8.043064117,4.374121189,5.809549332,510.0372314,26.06088448,0.01808116,5.308409668
LEK,2.302172899,75.4184494,8.954500198,3.91885519,2.849491835,3.530864239,4,1080.122192,0,1.887237915,4.31684375,1.291966187,22.72194922,21.22644997,7.575987339,14.88320637,6.266996384,2.151041031,2.781057358,633.5526123,27.03434753,0.027716571,2.933530518
LEK,3.050529957,70.628479,10.37583351,4.760523796,3.762244701,4.960471153,3,1135.292847,0,3.378731689,2.551668213,0.958457642,34.59392188,20.00745201,6.704920292,13.13228607,3.538045168,2.293413639,3.826933146,543.6272583,26.18506432,0.013131686,17.6558418
LEK,3.321128607,66.49273682,13.25618458,4.404511452,4.503267288,4.917736053,3,1167.314209,0,4.170103027,3.419001221,0.936129456,32.16841992,27.54648972,8.309790611,13.67043018,4.614377022,2.762980461,5.005059719,536.2858276,26.11237907,0.043701891,13.696625
LEK,2.557276249,65.45235443,13.97781944,5.332863331,3.791110754,5.321542263,1,1183.095215,0,2.296384766,4.971891602,1.396280762,32.85594141,18.07411194,9.35193634,16.09781647,7.364368916,4.150530815,3.59793663,535.1569824,25.99749565,0.098762386,13.61981055
LEK,1.807838082,66.49203491,13.0192852,5.331829071,4.53475666,4.642360687,5,835.5335693,0,1.997626465,1.634259888,0.413651703,37.47607813,18.75531387,8.259919167,15.24658871,7.281401157,3.543660402,4.440490723,535.7150269,26.00035858,0.07589642,18.22144336
LEK,3.342820644,65.49803925,14.05342579,6.403740406,2.210638046,6.035701752,3,2217.953613,0,3.641326416,3.025887207,0.500718018,27.6100293,24.20971489,15.06289482,24.85509682,8.065748215,5.433031082,2.268112183,573.9042969,26.78848267,0.292155445,23.97908203
LEK,2.905822992,69.70127869,6.168175697,7.663826942,3.592978001,7.798501015,2,1166.30957,0,12.98320703,2.172476074,0.043108311,38.44013281,17.538517,4.528491497,12.76242638,4.684704781,2.619096041,2.671153069,646.7368164,26.48396873,0.000262542,12.90221582
LEK,2.560078144,77.58444214,8.110462189,2.626573801,3.412813902,3.145280361,0,1228.400635,0,10.46644238,5.093568359,0.087386314,41.86442578,17.72849846,6.255395889,12.12185001,2.465792656,1.575550199,3.969377995,645.1100464,26.53596306,0.004171846,14.20589258
LEK,2.008396626,68.95622253,13.1398077,5.979812622,2.128712893,5.680855274,4,1203.21875,0,13.22202539,1.743685547,0.382937317,27.65986523,12.95885944,12.23424339,20.67163658,6.610651493,3.971665382,1.738953233,586.4032593,26.77502441,0.185783207,18.1715918
LEK,1.758793831,69.91544342,13.24744987,5.656511784,2.148674726,5.308924198,5,1398.857544,0,10.94033691,1.610842285,1.137422852,26.89470898,16.24839401,11.61455154,18.28062248,5.447799206,3.244353056,1.731166124,589.0098267,26.78648949,0.174285248,18.3035332
LEK,1.690850258,57.13378906,11.85509586,14.17992878,4.303404808,8.954575539,7,1369.461182,0,11.6717832,3.547777344,1.442614746,59.75577344,17.60377693,9.560349464,18.98725319,9.74379158,5.235296249,2.70358181,536.7648926,26.35437584,0.04633297,30.21125195
LEK,1.482346535,59.06574249,11.79270935,12.59285545,4.338805676,9.334959984,10,1105.772705,0,9.690541016,2.123704346,0.815586121,58.47544531,18.73134041,9.707317352,18.20896721,8.304652214,5.210430145,2.748314381,533.9439087,26.2839222,0.066799842,28.14574609
LEK,1.499666214,74.69405365,10.72808456,4.660385609,1.926066995,4.70922327,5,969.4314575,0,10.80038672,2.386577148,1.301576416,28.44264453,16.32365417,8.87603569,14.80745697,4.572104931,2.593983412,1.527139425,588.1925659,26.77939796,0.091748081,16.67697852
LEK,1.508956075,54.80392838,13.13929081,15.42955017,3.64369607,9.606132507,5,1468.306274,0,13.46944824,1.210171997,1.081104492,57.5025,10.17143059,11.86598301,22.07096481,11.96989059,6.615814209,2.041906357,539.0100098,26.34975433,0.045636665,30.15506836
LEK,1.487508535,76.07915497,10.26326466,4.107895374,1.849303722,4.412108898,4,751.012146,0,11.04486035,2.612388184,1.227101196,29.37176953,14.44608307,8.352520943,13.58691883,3.707078695,2.218170643,1.448386431,587.5413208,26.76817894,0.056165706,15.75735254
LEK,1.925634503,57.89424896,10.92006779,12.76151085,4.687079906,9.801670074,20,817.940979,0,6.180924316,0.889747376,1.000201416,57.94748438,21.41184616,8.90935421,15.73129177,5.969874382,4.297194481,2.5807724,529.2649536,26.19001007,0.142514691,25.27726367
LEK,2.058992147,71.81515503,10.71795845,5.393331528,2.683422089,5.405498505,14,1208.10083,0,4.561808105,3.900512695,1.18774585,32.94043359,7.17698288,9.715947151,16.10077667,4.514492035,3.081903458,2.048163652,566.2193604,26.71511459,0.052108444,13.38427246
LEK,2.136855602,58.94628143,14.9879837,8.333888054,4.391366482,7.78696394,11,45.86784363,0,12.36670313,2.694003662,4.26628125,41.29627734,5.673956394,10.47724438,19.89337158,5.416129589,3.982838869,2.825422287,576.6235962,26.70250511,0.022475885,15.1057666
LEK,1.848090768,76.18577576,9.513338089,4.153733253,2.266029119,4.486126423,17,357.7027588,0,8.222484375,0.488921753,2.375473633,31.83090039,5.340144634,6.939538002,12.25824451,3.014865637,2.364136219,1.697293401,570.9946289,26.68517876,0.014639698,14.32227148
LEK,1.997611761,73.72558594,10.58311462,4.825420856,2.010173559,4.907186508,13,115.7815552,0,12.3042627,2.895686768,3.388623047,31.59499805,5.539819241,9.1359272,17.32936859,5.817070484,3.785948515,1.480105996,576.3217773,26.67629051,0.07121893,14.09936328
LEK,1.959145546,75.02111816,10.31614494,4.314424515,2.03955698,4.687869549,16,293.7215881,0,10.11491406,1.009400879,3.669607666,31.12089648,5.371975422,8.660552025,15.6465292,4.442613602,3.476211309,1.539932251,573.1925659,26.66130447,0.047034342,13.67870215
LEK,1.400769114,69.05052948,11.97472572,4.712927818,3.911624432,5.326601028,11,1491.383057,0,11.74667969,1.574711914,0.540044983,39.58043359,15.34775066,9.416415215,14.91099072,5.575525284,2.804192781,3.259159327,535.8201294,26.26906395,0.068625376,26.97383789
LEK,2.201761961,71.14334106,11.48512936,6.016802311,1.892349005,5.159732342,6,776.6226196,0,14.58174707,0.922319763,1.580526978,31.1297832,7.453970909,10.42064571,21.0961113,8.296239853,4.012891769,1.501892686,580.600708,26.67199707,0.128846079,12.95642578
LEK,1.216279745,57.49358368,13.05095291,12.9464426,4.035119057,9.464603424,11,1513.542969,0,11.25850781,1.304357056,0.13258812,54.32586719,15.97959232,11.51150799,21.35600471,10.73220825,5.690187931,2.396095753,535.2215576,26.26046181,0.050704867,26.51444531
LEK,2.387981415,71.33061218,11.78282738,5.441915035,1.890534401,4.994894505,7,1030.443481,0,13.40813965,1.880488037,0.518756226,30.96680469,8.759795189,10.37044334,20.421175,7.206709385,3.920853138,1.540857077,582.9373169,26.68212891,0.126473218,12.35960156
LEK,2.584769487,69.92421722,12.17762566,5.984166145,1.891766071,5.23067522,8,1103.077637,0,13.41067773,1.701714478,0.385296875,30.35645117,9.527984619,10.80379772,21.9535923,8.336038589,4.355084419,1.600251079,582.4274292,26.66825676,0.148347631,11.7650791
LEK,2.630362988,69.53970337,12.33239269,6.103353977,1.878668189,5.29966259,9,1116.845215,0,13.220625,1.712949829,0.195287491,30.16460547,9.758467674,10.98738575,22.3784256,8.534801483,4.488863468,1.591924667,582.2877197,26.66374588,0.155787528,11.57573828
LEK,2.816065311,67.09470367,14.10264874,6.564450264,1.788205266,5.528165817,11,1290.736694,0,11.86265039,1.258292847,0.468575348,28.80994727,11.00055981,13.02438354,24.40475655,9.419773102,4.868256569,1.538049698,581.0665894,26.61783981,0.198968589,10.21913477
LEK,4.215950489,62.86652756,12.03786469,8.10323143,2.855020523,7.31598568,23,966.5569458,0,4.951784668,0.810329895,2.698260986,27.05664258,7.402982235,8.066206932,23.24886131,9.261385918,6.435718536,2.276141167,565.2225952,26.55232239,0.200539455,8.541286133
LEK,2.896806002,65.19725037,15.40296936,6.885842323,1.826088548,5.696623325,11,1419.196777,0,11.29593848,1.041064819,0.101846909,28.2217207,11.42220402,14.33600426,25.1460762,9.718082428,5.073970318,1.554301858,580.2369385,26.59385109,0.229118764,9.659479492
LEK,3.069231749,66.47205353,11.59120083,6.951247215,3.354837179,6.352138519,24,608.6633301,0,2.542845459,0.987229797,2.99445752,26.77049414,9.039642334,7.890582561,19.02395821,6.613185883,4.636776447,2.603933334,561.3334351,26.56363106,0.100611567,7.086919434
LEK,3.067868233,64.36304474,15.63806343,7.102395058,1.849068642,5.807255268,11,1588.561035,0,10.47704395,1.718969238,0.355773529,27.47239453,12.00701046,14.19640541,25.48206329,9.956392288,5.116628647,1.588509798,580.1860352,26.56813622,0.243325502,8.827753906
LEK,3.541959286,47.71873856,14.84540176,15.05385876,3.143757105,12.29623985,13,1585.037109,0,10.07198828,1.508670654,0.307387177,43.99096875,12.40022945,10.2128849,22.60680199,11.61753273,8.418527603,2.457084417,579.1472778,26.54813385,0.244666398,8.434501953
LEK,4.253890514,58.8589592,12.87249088,9.955563545,3.342350483,8.078756332,17,798.3942871,0,3.476341064,2.14238208,1.922931763,24.92740039,8.794199944,9.498040199,24.20226288,10.79101563,6.383629799,2.675946951,562.4091187,26.49502182,0.240128234,5.943274414
LEK,2.586988688,71.99606323,12.17072392,4.110264778,2.578347683,4.62569952,17,924.0966797,0,10.7050127,2.451991699,0.829967651,43.04474609,15.20981407,10.9643507,17.02024651,6.115363121,3.150961399,3.328138113,651.7870483,26.5916481,0.135245308,15.29238574
LEK,3.33759284,34.93498993,22.84348297,19.47681808,3.77222085,13.35345459,24,1537.065796,0,6.306056641,1.577520508,0.165827515,38.81275781,17.7438488,15.14022255,22.44658661,15.08950043,6.387434483,3.49623251,525.5921021,25.78067207,0.343336582,5.421928223
LEK,3.493996382,71.98473358,11.58030319,2.879890442,3.662849188,4.287693024,11,1434.097046,0,5.299446289,1.875970581,0.292422669,36.34482422,14.02921391,10.17997074,15.31253719,3.715293646,2.052576065,4.461549759,654.2601318,26.34045982,0.076036669,5.26977002
LEK,4.212142467,70.1949234,12.00237846,3.04344964,3.971274853,4.431111336,13,1561.729736,0,5.272312988,0.480550476,0.26354776,37.26759766,15.39149475,9.424262047,15.58473015,3.999887466,2.252671957,4.687541485,655.5928955,26.32665253,0.076949835,5.242327637
LEK,2.990719557,66.37242126,11.44298744,5.716951847,3.493347645,7.290184498,11,1127.840332,0,2.93629834,1.786322632,0.256015503,28.2592832,18.44133186,8.483846664,15.47846413,4.47186327,3.015142918,3.308507442,657.8738403,26.35514832,0.075041376,2.933530518
LEK,1.240830064,68.25276947,12.64211655,3.528720379,4.558423519,4.400797367,0,0,0,2.52980835,6.173021973,5.546124512,7.295472168,19.88496971,6.57421875,8.708472252,1.830588102,1.309142828,1.961188316,545.531311,26.03001976,0.006276348,4.917580078
LEK,5.066110134,73.70176697,9.150639534,2.89129591,3.909396172,3.887008429,14,349.3798828,0,8.229050781,2.152860107,3.305844727,22.21323633,17.06172562,6.382397652,15.73925304,3.967935801,2.353539705,4.986933708,661.3136597,26.3722477,0.045432996,8.203020508
LEK,2.457326174,41.52801514,20.86342621,15.94119549,3.743993998,11.98230457,0,2115.659912,0,5.039971191,9.672608398,1.171152344,23.96259961,12.33267498,13.75940514,20.19120026,12.82748699,6.32557869,3.365362883,525.795166,25.72993279,0.175549343,5.01466748
LEK,4.714093685,74.02396393,9.129737854,2.885644913,3.987720251,3.849679947,14,273.0009766,0,8.759708008,2.190738281,3.849374268,22.0137207,17.88573265,6.293959618,15.24863338,3.892074585,2.332041025,5.073849201,660.7263184,26.37330818,0.041843984,8.752337891
LEK,4.443588734,74.49609375,9.11097908,2.711197615,4.017761707,3.764021635,14,280.8101196,0,8.961110352,2.082129639,4.093600342,22.29145508,17.56908989,6.365827084,14.94711876,3.346011877,2.130595207,5.216926575,659.4077759,26.36650276,0.03497,8.975451172
LEK,3.714488506,61.1566124,13.71578598,7.863567352,3.699557066,7.209838867,14,351.1017761,0,9.450013672,2.504389404,2.847598389,20.31852148,18.04365158,10.9383812,20.75826454,9.011706352,3.908083916,3.979736328,656.281311,26.34451485,0.027566919,9.479649414
LEK,4.063025951,60.06891251,17.38303566,8.152839661,2.190177917,6.134702206,8,915.670105,0,12.70695508,2.469979492,0.829786133,14.78957715,17.54801369,10.1105032,19.47275543,9.044384956,3.333714485,1.806079865,616.3803101,26.21893692,0.065612696,10.45749316
LEK,4.091722965,72.677742,10.12478256,3.599315405,3.454420567,4.111693859,22,1023.312805,0,14.82828125,0.788175415,1.562455078,20.63283789,22.56376266,7.928802013,15.56163692,3.625838041,2.147574663,4.300221443,648.5960693,26.35021973,0.042659134,7.488331543
LEK,3.882250547,62.56185532,12.27663517,8.081699371,3.125506639,7.267834663,13,1048.177124,0,14.85544434,0.881416199,1.781625488,12.85041797,23.48412323,8.859102249,20.32228661,9.611721039,4.150633335,2.673967361,642.5731201,26.26404953,0.0455111,9.562756836
LEK,5.415634632,69.12062836,11.77840805,3.853534937,3.529087067,4.313822746,24,1041.465332,0,15.61671973,0.753234192,2.633824951,18.25747461,21.96912766,8.73180294,16.86868095,3.958637238,2.310451031,4.413361549,652.7192383,26.40212822,0.060130943,5.537183594
LEK,1.357131481,32.24420547,25.53905296,23.22938728,2.190450668,13.50449944,5,919.5544434,0,6.144009766,3.773607666,1.11652478,28.27408203,18.01199722,18.01556396,18.84975243,14.18828011,6.492949963,1.895424485,579.9456177,25.60020065,0.116751328,4.590432129
LEK,5.039961338,62.11846542,13.06310081,5.691790581,3.877427101,6.41155386,12,1114.107422,0,18.92879492,1.733500854,2.505427734,21.38978711,23.54683685,8.370718956,17.10752106,5.669714928,2.937852383,3.462985992,668.2554932,26.26644897,0.091969639,2.301275391
LEK,3.309403658,68.0375061,14.22181797,5.455821514,2.25955081,5.033896446,43,1902.927612,0,0.986134522,0.25042421,0.050918671,9.909227539,13.68325138,12.70960045,20.33335114,7.796257496,3.54349041,2.251105785,630.0107422,25.97025871,0.201767206,1.005005798
LEK,2.391911745,77.45007324,9.517173767,2.616559982,2.29529953,3.730632782,6,1348.102905,0,14.99197949,1.064887573,0.835205444,18.72972656,23.56163216,7.25819397,13.43876743,3.505265713,2.037644625,2.657981873,639.1104736,26.242239,0.041579187,5.870392578
LEK,1.850046515,80.17444611,8.20546627,2.223021507,2.12725544,3.555452108,10,911.4266357,0,13.22201074,1.482027466,0.909433289,17.21561719,21.32459259,5.104054928,10.76417637,3.069881678,1.811033845,2.383272409,637.4519043,26.21430969,0.021791669,6.596026855
LEK,1.784669876,41.45112991,21.44002533,16.21047783,2.828711987,13.63417149,1,2728.945557,0,6.398672363,3.858579346,0.216938782,11.09982129,8.046238899,20.02771759,24.92725945,12.79554653,8.209500313,2.373889685,528.3221436,25.53165436,0.42174533,6.417956543
LEK,3.508457661,46.17850113,27.25683403,11.26727962,2.025838375,7.715513229,0,2056.902344,0,1.640019775,6.353080078,1.088450317,10.99150391,9.564388275,19.53615189,22.30709648,13.11040401,6.683491707,2.102412462,612.1333618,25.66721153,0.633939981,4.987966309
LEK,1.227393627,43.51344299,19.55828285,16.9543972,3.176365614,13.18224239,0,2833.813965,0,7.151785156,6.546288086,0.599994568,7.085201172,8.519083023,19.4252243,24.74760246,12.12988281,7.465128899,2.505640268,537.1764526,25.47843742,0.665144682,5.286264648
LEK,3.454129219,50.81136322,17.96777725,12.18473339,2.931840181,9.941082954,5,1592.031372,0,9.559157227,2.687834717,0.597031677,6.150931152,15.2283783,13.90083885,24.52174187,10.85703373,5.553186417,2.759676933,637.2155151,26.09157944,0.137800351,2.01825354
LEK,4.398352623,53.16760254,16.86637878,9.595930099,3.697874069,9.051254272,9,2025.239746,0,9.450886719,1.13465686,0.180266571,10.04344922,13.98675537,12.03847599,20.61356544,9.152173042,4.688783169,3.446530819,649.6397705,26.09846115,0.276388347,5.66521582
LEK,1.760918856,42.54561615,22.13979912,15.35920906,2.5860672,12.76599598,2,2568.991943,0,6.165005371,2.371691895,0.754598084,15.46519043,9.717715263,19.09565163,23.62880135,13.03291225,7.830420017,2.349607944,566.1918945,25.50355911,0.537195385,3.639750732
LEK,4.194427967,56.57493591,20.42945671,7.671405792,2.296550274,6.961166859,8,2431.19165,0,7.601563965,2.03717395,0.261728943,7.075198242,11.74061966,14.66424751,22.65904808,8.356110573,5.232939243,2.818987131,649.0054932,26.05858421,0.482572466,7.16024707
LEK,4.292864323,64.53199005,12.7873497,5.835754395,3.785986185,6.476733208,4,2009.122314,0,6.866476074,2.310713623,0.859037415,12.01214551,15.21713924,9.942542076,19.36567497,7.595264912,3.940910578,4.745443344,632.024231,25.9967308,0.223832443,3.204923584
LEK,4.311020851,62.15075302,14.05924606,6.66185236,3.670512438,6.832247257,3,2143.646973,0,6.18981543,2.964552734,0.199171249,11.66421094,14.79111385,11.15016365,20.31108856,8.640257835,4.306885719,4.578458786,631.8103638,25.98272896,0.282937884,3.802142578
LEK,2.219034672,53.6438179,17.00066757,10.71229744,2.410726547,10.39524078,4,2084.437744,0,7.787361816,4.596936523,0.370624664,17.09617188,10.56777477,17.19354439,22.65270042,10.56668282,6.9299016,2.129328251,568.553772,25.53212357,0.46265623,1.874987183
LEK,1.957810283,52.6908493,21.23688126,10.34106255,2.241770267,8.565353394,0,1925.96814,0,4.229639648,7.905401367,0.449812042,10.36790918,8.953339577,19.20031738,23.56201363,12.39492893,7.215586662,1.903821588,559.053772,25.48301125,0.655517459,4.264483887
LEK,6.390905857,53.65483856,14.68801022,8.607514381,3.538508654,9.505289078,25,1464.274048,0,9.440318359,0.401046845,0.592769775,19.17030664,4.01256609,9.664557457,19.7650528,6.994654655,4.487765312,3.209253788,654.6029663,26.0017643,0.231196851,19.14951172
LEK,4.639935017,32.28802109,29.86263657,16.71569252,2.037262678,12.64271832,1,651.3410034,0,6.826773926,4.881439941,3.59511499,10.76179883,4.362604618,20.26042557,21.12836456,11.66667652,7.869835854,2.003723145,596.609314,25.72914314,0.264299989,20.18160352
RANDOM,13.98062134,64.61712646,5.969554424,4.00996685,4.358269215,5.354451656,1,866.835022,0,8.963984375,4.962682617,0.486277405,7.133550781,27.35931396,4.768748283,21.17122459,4.713346481,2.272324324,6.676988125,671.0773315,26.43392181,0.021446802,6.709092773
RANDOM,1.946386099,46.72421265,21.20116997,13.30466461,2.627147436,11.23137093,1,2882.907471,0,3.579130371,4.731314453,0.033722675,12.36887012,8.095309258,19.93882942,22.25777245,13.29183865,7.609791279,2.163536787,556.1690674,25.49177933,0.824752212,3.321586182
RANDOM,2.832623482,57.88737488,12.58594513,11.1110363,3.413566113,7.84867382,28,1644.815063,0,1.618824829,1.048479614,0.76591095,15.59265137,14.89066982,11.46753693,24.18432999,12.61326218,5.393526554,2.169818163,561.6896362,25.7042675,0.420645654,1.577520508
RANDOM,2.670982599,70.61305237,13.48183918,5.527469635,1.594002962,4.563284397,15,478.1849365,0,3.140197998,1.958702637,1.204015381,31.21120117,9.956209183,12.15038681,20.85847092,7.654641151,3.118139505,1.708178043,592.9042969,26.72909355,0.154173315,13.84801563
RANDOM,3.525053263,67.95648193,10.00149536,6.745592594,2.691856384,5.548240185,3,1231.565674,0,14.18474414,2.421258301,0.074206451,31.84453125,20.40135574,9.292259216,20.59976006,7.948787689,3.550787926,1.971536636,556.2806396,26.3175354,0.121678904,14.47843359
RANDOM,6.46445322,58.4264946,10.97712326,6.176675797,8.969121933,6.05719614,45,1756.043945,0,8.826038086,0.571055054,0.30572702,29.41460938,22.57470131,8.229644775,16.00542259,6.775192261,3.197393179,8.985600471,601.9379883,26.02704239,0.065694265,25.78911719
RANDOM,5.842373848,60.56453323,7.564864159,13.14561844,2.706815958,7.025866508,32,1496.614746,0,16.68149609,0.86961853,0.636197205,54.66449609,15.31601238,6.798401356,19.3006916,12.14740467,3.017402172,1.663770676,667.7850342,27.10954475,0.076696537,4.130995117
RANDOM,4.470141888,53.24258804,16.11250305,9.671875954,2.923358917,9.58387661,7,3085.040283,0,1.634820313,0.916300598,0.04940699,14.79835449,5.958208084,11.54256344,21.48333359,9.018642426,4.879991531,3.010730028,655.4625244,25.98074913,0.602602601,18.04138281
RANDOM,11.50887108,48.37950134,14.43663979,10.63718033,3.370944023,7.983197689,25,1414.278931,5,8.095206543,1.290424561,0.605981751,4.201827148,19.41074753,8.369830132,19.82139587,11.48149586,3.256585836,3.220485449,736.9994507,26.581604,0.137423664,0.624733337
RANDOM,1.819610119,46.16807175,24.80634308,11.6403017,1.999943614,11.42424774,6,3317.671387,96,3.282891357,3.790773926,0.010606964,0.30969809,10.05213356,20.72628784,24.49943352,10.90259552,9.108175278,2.055019617,565.4439087,25.64652443,0.750276804,1.860767578
RANDOM,2.371912479,65.03022003,12.52257061,7.332270622,4.186454773,6.358081341,9,996.2287598,0,0.07094075,1.408517456,1.265707764,21.38732031,10.73119736,10.63943958,19.28033829,8.152673721,3.214423418,4.273265362,556.6550903,26.42776108,0.109752886,1.344466187
RANDOM,13.34661961,44.49455261,7.448149204,10.26943302,9.223604202,12.15855694,0,2975.903076,0,2.281865723,6.193008789,0.535414734,13.73750195,21.50721359,5.85307312,19.96425629,7.245623589,4.098437309,8.382209778,693.8413696,26.34278107,0.108247243,1.84703772
RANDOM,9.579691887,58.98288727,10.07104683,6.678899288,5.758201599,6.543755054,92,1735.026978,29,5.414153809,0.475146515,0.895602173,1.46279187,29.66345024,7.86841917,22.26831245,7.424809456,3.705566406,7.844742298,630.9972534,26.62542152,0.130625278,0.706220276
RANDOM,6.497117996,68.89703369,9.188560486,4.649535179,2.861254454,5.467264652,35,1105.531494,0,9.821618164,0.35415332,0.168176682,33.07010547,15.66344738,6.100959778,19.14475822,6.970898151,3.300495863,4.554867744,710.2618408,27.16846085,0.138742343,0.597571045
RANDOM,10.94301033,50.92014313,18.08657074,8.86380291,2.594068766,5.774411678,50,2551.439941,0,2.262309082,1.250647095,0.492734985,8.830910156,19.07171249,12.68947506,22.33140755,10.25894737,3.872610331,2.809419632,722.1499634,26.76642227,0.438174754,2.716231934
RANDOM,8.132408142,47.25492477,4.326619625,4.208306313,27.65670967,7.906208515,6,679.8043213,0,7.123064453,3.39398584,0.097128601,8.139802246,19.96240807,4.569460392,19.28235245,4.541084766,3.372910261,21.03083801,629.4335327,26.01972961,0.023038981,9.487584961
RANDOM,2.767792225,56.40769958,12.67849541,5.062311172,11.35478973,6.589433193,22,767.0102539,0,3.147171143,0.455323425,0.975602356,30.1710332,15.27808475,9.518331528,14.20765781,5.666247845,2.612812757,10.22441578,593.68573,25.97272873,0.017807519,18.13792188
RANDOM,1.840587497,61.11019135,18.7260437,3.69525075,4.904139996,4.749654293,42,1013.77179,0,4.446342285,1.244140991,0.483830566,48.33014063,20.36015129,13.39204311,16.42251968,3.271724463,3.030970097,4.371100426,517.2975464,25.90778732,0.157195106,14.11374609
RANDOM,6.743956566,60.65890884,13.01768684,9.096226692,2.494748592,5.88815546,71,2616.237061,0,5.270869141,0.279653198,0.202335159,53.10915625,15.02177715,9.884905815,22.46123505,12.44909573,4.74102354,2.986606359,708.5981445,27.3225975,0.306531817,8.230182617
RANDOM,5.552706718,47.5866127,23.68959999,9.533055305,2.482054949,8.433218002,6,3112.647461,1,1.953592896,2.961813965,0.686888367,4.764770508,5.966769218,13.30471706,19.8438282,7.841011524,5.098790646,2.342766047,720.8878784,26.32299423,0.779535294,6.696765137
RANDOM,2.911098003,64.51590729,10.77078247,4.931219578,4.216213703,5.000272751,46,1274.511353,0,1.042728271,0.442170532,0.458292572,24.10263281,14.60297394,7.767816067,11.96318626,3.842517614,1.94957006,2.344116449,584.7235718,25.76712418,0.012402526,0.706220276
RANDOM,1.281929016,61.67179871,13.2989006,8.72453022,2.063778162,10.34445667,61,1651.703613,0,8.330674805,0.395489349,0.39985141,64.64391406,5.623176575,12.25870991,20.00334358,9.205611229,6.084026814,1.979572773,461.9061279,25.60727692,0.759123445,4.404736816
RANDOM,5.003018379,41.606884,23.08583641,14.6236124,2.258318901,11.25487804,1,2850.549561,0,0.348713471,0.212144501,0.028264412,44.17867969,6.097280979,17.79282379,18.52531242,12.72279358,7.527253151,2.465807438,613.6935425,25.87033463,0.84420675,0.886840332
RANDOM,3.990606785,46.07512665,25.40319443,10.58078289,2.535593748,9.618572235,1,1561.421875,0,0.40655896,2.662045898,0.081066116,61.90967969,3.53558135,15.91988659,20.0537529,9.828860283,6.123495102,2.380962849,633.4959717,26.06926346,0.934594154,8.078906738
RANDOM,4.265267372,59.02314758,19.88321877,6.170244217,2.460203171,5.816573143,4,2522.194824,0,1.271325073,3.085524658,0.360242401,11.30918945,19.42170906,14.54522514,20.67547417,7.656031132,4.203442574,3.036744356,623.21698,27.42552948,0.286056489,1.735840088
RANDOM,2.502458811,62.30467224,10.61196232,8.611200333,4.124425411,9.163653374,1,329.5803833,0,9.417452148,4.357668945,2.276329346,27.06846094,14.88657379,8.050414085,19.26194382,9.105614662,4.383358479,3.662506819,625.3795166,26.93513298,0.072804064,14.01575684
RANDOM,2.909847498,44.28675079,26.75600052,12.03974533,1.921375036,10.40871429,5,3300.986816,38,2.4384729,1.94376709,0.238457962,0.063193783,6.228915215,23.08621597,20.32225418,12.34120846,8.601046562,2.152490854,583.0722656,25.66667938,0.756795347,5.839393066
RANDOM,2.013098001,66.90393066,14.21392918,4.49952507,3.621355295,5.099903107,0,448.7206116,0,2.207732666,6.314582031,2.290666748,13.32860059,27.56751633,9.351045609,12.80308437,5.426610947,2.267296076,1.843607426,563.2728271,26.05959129,0.036736928,3.775562256
RANDOM,3.201555252,56.22569275,2.952808142,18.14378548,5.400299072,10.86501598,2,2353.787842,0,0.520287964,4.767664063,0.03150252,40.47240234,16.64447975,5.183545589,14.54794693,7.578888893,3.303198099,2.220713377,552.0059814,25.80257797,0.081125505,0.244460877
RANDOM,1.31928575,50.23630905,26.03170586,9.050473213,2.466973305,7.985529423,22,2318.648438,0,3.500723877,1.196376099,0.291974579,26.23674219,13.02075863,25.16127968,25.53195,10.67476463,7.633074284,1.926054478,533.6218872,26.07765579,0.530811846,16.5432793
RANDOM,6.751450539,62.34489059,8.976352692,9.320827484,2.595742464,7.56521225,9,1600.393677,13,2.690966309,1.874987183,1.097892822,3.177991455,22.89731979,7.135318279,17.70943069,6.884388924,3.439096689,1.714405775,633.3909912,26.80303192,0.045168653,7.752356445
RANDOM,3.362594366,56.65645599,16.61143494,9.433979034,2.977696896,8.352815628,3,2116.055664,0,0.88754303,1.281244019,0.159105042,29.06915234,4.495053768,11.77996159,22.53804016,9.472024918,5.616683483,3.110762119,565.7307739,26.7603035,0.381978512,16.933
RANDOM,9.387050629,56.09027481,9.669656754,6.883811474,7.887168407,7.421078682,35,1851.803833,0,2.832695801,0.665892456,0.742416748,23.70229102,22.93633842,8.447083473,19.38851929,7.154518604,3.745244026,9.46526432,625.8519897,26.47385597,0.127468601,6.328820313
RANDOM,2.543285131,30.27292061,21.67533684,24.12580681,2.813705206,15.74916553,0,2920.739014,0,11.71916992,8.840448242,0.547811035,31.64796094,6.781281948,16.19023323,20.72536278,15.10934258,6.28582859,2.560460806,477.9052124,25.89998817,0.639050305,8.538694336
RANDOM,10.46809196,58.02776718,12.29906082,7.887450218,3.610551596,5.766278267,9,2108.363281,0,3.45853833,1.874987183,0.406762238,6.154049316,22.86898422,7.534548283,18.20768356,6.213798523,3.210382938,2.904285908,674.2556152,26.60439491,0.119923078,0.624733337
RANDOM,2.189033747,38.71896362,11.03264809,23.49682426,7.085639954,12.80761433,3,977.4237061,0,3.967685059,3.160298096,1.006132629,21.40035742,15.49813175,9.52073288,18.24191093,11.38538456,4.415447235,4.524843693,457.0513,25.91240501,0.053238969,2.064336182
RANDOM,6.35574913,55.83201218,16.90036011,8.929451942,2.759489536,7.155585766,56,2200.306396,0,10.18071875,1.687564941,0.186852814,7.376376465,11.87412834,11.55282116,24.71567917,10.35916233,4.916579247,3.351782322,692.1818237,26.25566292,0.443943322,9.308713867
RANDOM,5.224253178,48.31182861,19.99002457,11.77470303,1.999473453,9.705612183,8,1658.230713,0,5.121041504,1.337589111,0.146667343,13.36397168,7.215290546,18.00152779,23.94688797,10.25777531,6.610870361,2.219360113,598.977478,25.65250969,0.210398957,3.042179688
RANDOM,2.231841087,47.62430954,23.03939629,10.89131451,2.636136293,9.981993675,40,2773.839355,0,1.551166016,2.349344238,0.053208702,42.38480078,3.26099968,19.61272621,20.79741287,11.45934963,6.837997913,2.355288982,494.2406006,25.52946663,0.833603024,8.512733398
RANDOM,10.38538647,52.28316116,13.90214634,9.806963921,3.338316679,6.801397324,5,2181.781006,0,0.922007446,1.225017578,0.065483635,12.58364746,14.11015224,11.03963852,22.42929077,10.28175831,4.355325222,4.113558769,678.4762573,26.95625687,0.43327114,1.619976807
RANDOM,3.924863338,59.66644287,11.90989399,8.803390503,3.295713425,9.915845871,4,458.7328491,0,20.78911719,3.02625293,2.45375293,45.25869141,15.65764523,9.329860687,17.77746201,8.477632523,5.267206669,3.526399136,654.1815186,26.57050896,0.015273101,21.02363477
RANDOM,5.664043427,35.06653214,25.25419044,16.96953583,2.437712193,11.87425804,6,3297.782715,0,5.77659082,0.777810425,0.608790222,24.25601172,7.823304653,14.20827484,21.15949059,10.64664936,5.313141823,2.159436464,728.8521729,26.36640739,0.651800692,2.757477051
RANDOM,8.342312813,60.64792633,12.7794981,6.255423069,2.560191154,6.353276253,96,1267.924805,0,5.616394043,0.489675659,0.708017639,19.29112305,15.45396519,9.866488457,19.03129005,7.180071831,4.490847588,2.682071209,691.345459,27.05470467,0.166632682,2.977589844
RANDOM,8.834955215,40.83078003,24.76528168,11.7045126,3.021785975,8.540624619,0,3577.389893,0,0.07075766,6.215483887,0.313072205,17.64129883,6.166558743,16.88374901,20.07051659,12.80551243,6.106611729,3.611335278,646.2365723,25.78300858,0.549734354,4.128672363
RANDOM,19.33091736,56.30672455,7.068686485,4.100429535,6.0484519,5.371460915,3,1385.723511,12,4.264791504,1.023914978,0.693771301,3.153549316,29.92329407,7.09071207,23.17988777,4.127622128,2.582751751,10.16866112,688.5441284,26.29444504,0.068976492,3.288436035
RANDOM,9.451600075,52.97097397,10.86535358,7.468045235,8.709514618,7.969620228,47,1961.424438,0,2.032090088,1.25682605,0.622278015,31.18354297,22.72146225,8.898514748,18.96741486,7.356034756,3.721050739,9.029816628,617.8919067,26.33355522,0.168490916,1.276629028
RANDOM,4.093584538,45.36934662,27.52434731,10.53727722,2.291030884,8.17021656,7,2587.006104,0,3.109874756,1.735840088,0.622352722,23.98952734,14.64430809,19.18685722,21.64756775,12.65124226,6.631854534,2.365583897,563.0890503,25.70719719,0.567479491,0.624733337
RANDOM,5.789117336,59.16123581,11.49173069,6.986290932,6.771167755,6.564563274,50,1110.196655,0,3.736490479,0.489675659,0.886153565,32.88878906,25.74008369,8.825642586,16.24583054,6.757354736,3.838400841,5.239193916,591.8330688,26.37823486,0.06911312,17.50602539
RANDOM,3.975186348,46.84966278,26.51321602,10.15210629,2.019275427,8.703318596,0,1844.074219,0,12.32758105,12.20189941,0.344459076,58.02682031,9.095368385,18.37435341,17.35196877,9.960822105,6.30435133,2.102778196,621.0907593,25.8306694,0.824232221,4.867514648
RANDOM,20.64357376,55.13375092,7.825749874,5.370643139,3.579174995,5.565644741,2,1790.109741,0,4.533131348,1.448798462,0.087039101,5.488819824,23.95499611,6.627821922,21.50207901,5.229392052,3.12528944,4.559771061,690.2836914,26.39622879,0.061218787,1.792713013
RANDOM,2.407087803,71.94287872,6.791684151,7.089766979,3.034799099,6.112145424,43,3338.431641,0,2.680327881,0.500848419,0.223899979,37.86054688,12.2596674,6.11954689,17.86299324,7.510807514,3.757087231,2.474133015,576.0159302,25.66578484,0.200403735,2.716367676
RANDOM,4.74744463,48.48497009,18.51965714,10.3607893,3.017629862,10.67935085,140,2054.026855,0,1.956652466,2.074319336,0.058756924,46.60583203,2.409544945,13.27747536,22.49028587,9.053785324,6.174394608,2.461788416,669.2323608,26.26258659,0.608401358,7.507077148
RANDOM,7.501274109,48.13505936,21.59998322,8.250449181,3.664175034,8.085385323,34,3243.28833,0,4.739578125,1.398265991,0.071756088,41.76004297,5.427893639,13.37871456,20.03714943,8.0668993,5.223688126,4.705084801,622.390625,25.9134407,0.623185933,1.684063843
RANDOM,2.374874353,69.61457825,10.95155716,5.964147568,3.254059553,5.211860657,26,1044.386841,0,12.40287988,0.424289002,1.546792725,30.04550391,24.55064583,8.726007462,14.0667963,4.752809048,2.509999752,1.724129438,550.194458,26.48770714,0.045147199,15.94971777
RANDOM,7.163869381,56.50198746,13.76476479,10.40817833,2.307100058,6.199467659,3,1912.691528,0,2.723506104,1.452104736,0.311753326,13.45672266,16.3632412,10.64921379,25.31219101,10.48419857,4.757216454,1.630350471,648.34552,26.89829636,0.365933686,14.77120801
RANDOM,1.396039605,71.42069244,11.09097099,3.871174335,3.720374584,4.294725895,14,910.9868774,0,5.137541992,1.167979736,0.136997086,12.76489258,21.15207481,7.445132732,12.94238949,5.092338085,2.120443344,2.294982195,540.1639404,26.18151474,0.031381838,11.69119336
RANDOM,3.601534605,42.91373062,21.11420441,15.01161194,2.923838615,11.23000717,2,2399.810059,3,5.460965332,3.691777832,0.534228821,1.97109375,13.89096451,14.56202126,22.30947685,11.68822765,6.447870255,2.907108784,631.638855,25.9652729,0.27929914,4.481371094
RANDOM,5.370972157,50.46714401,5.355109692,17.44331551,4.53233099,13.22037888,91,1077.125854,0,5.309585449,2.320431641,0.105123268,22.11199609,19.5419693,6.557125092,16.08922386,9.744352341,3.929668903,3.021110058,681.3677979,26.95711136,0.161098108,1.116632324
RANDOM,8.042969704,56.83635712,10.92601967,8.084961891,4.716171741,7.8539958,1,1829.758911,36,2.712755371,4.010928223,0.534953552,1.090897705,26.68784714,8.238567352,18.46578979,6.632963657,2.978137255,4.952423096,654.3376465,26.71284103,0.169876143,1.086492798
RANDOM,8.83641243,52.86916351,12.57147408,8.104171753,5.877605915,8.220736504,3,3088.823975,0,0.459613556,3.153754639,0.459613556,26.40961328,10.07609272,9.356324196,23.91780853,8.252339363,5.466086864,8.439955711,639.9239502,27.13956451,0.380388826,3.940877197
RANDOM,5.730303764,60.69822311,7.486916065,12.85650635,2.971387625,7.681598186,4,1435.405273,0,2.124875977,3.465405273,0.385714691,32.6809668,18.7551384,5.944743156,20.71315193,10.99336433,3.714814425,1.931873918,676.5687256,27.10686493,0.134398729,6.166803711
RANDOM,2.189623117,73.04511261,11.09285164,4.83974123,2.141942501,4.985726833,18,407.2553406,0,9.3370625,1.009400879,2.783657959,30.35288672,5.430393696,9.396243095,17.10177422,5.575032711,3.88868022,1.635579944,572.0963745,26.64047432,0.075675145,12.90693262
RANDOM,4.098436356,53.00863266,17.71792984,8.966997147,3.372993708,8.984344482,0,742.7382813,0,0.025717577,20.83165625,0.06158429,17.23671289,11.19911385,16.2002697,19.11037254,10.20321655,5.992233753,3.037925243,545.7005615,25.34385109,0.699305296,5.763598145
RANDOM,2.70414567,51.26002121,21.90820122,10.32204056,2.062339544,8.91650486,2,2011.198486,0,8.887695313,4.864785645,0.931869873,7.490851563,10.33526516,18.17949677,23.54284477,11.85135269,7.748646736,1.814932585,567.4042969,25.53207588,0.612042665,2.58042041
RANDOM,5.089409828,56.55464172,12.46870327,5.933269501,10.87787819,6.360760689,5,2525.269043,0,2.676030762,3.572645264,1.089502197,27.10274219,22.79418182,7.986783028,20.80005455,7.480234146,3.727626801,13.0474329,530.5964966,26.15713692,0.075772017,8.238962891
RANDOM,2.701146126,67.73429108,8.855010986,5.509247303,6.247985363,6.739979267,2,1462.505493,1,5.230646484,1.917782837,1.178102783,4.404674805,13.01083088,5.256947517,12.6143198,3.753165483,3.137728453,5.668517113,637.6897583,26.64617348,0.046189014,3.449935303
RANDOM,5.03725338,66.46575165,9.996972084,6.754938602,2.616898537,6.050802708,3,2601.766113,0,2.058347656,1.018134155,0.453973053,36.22069531,11.62464905,7.682247162,19.69572258,8.814339638,4.302559376,3.201891899,683.9790039,27.31875801,0.306578159,5.016873535
RANDOM,3.718315363,37.08671188,28.35529709,14.43979931,2.186238289,11.44957829,2,2212.141357,0,6.355631836,1.80603894,0.19007222,13.72675684,7.967478752,20.33291245,23.11223984,11.73065186,7.634459496,2.385249138,612.5804443,25.64944077,0.524924397,1.982849243
RANDOM,2.387812376,51.64078903,4.116461277,21.93331718,5.007794857,12.50820351,22,2834.920654,0,2.895163086,0.425157532,0.395628388,17.70570703,19.80062866,5.865752697,20.20776367,11.25593662,3.975677967,2.81991148,498.0758972,25.8214817,0.153278917,1.005005798
RANDOM,7.036068439,65.66824341,9.852444649,5.561131477,3.906321287,5.730303764,177,1441.714233,0,4.653688965,0.190136231,0.737701965,18.19831445,16.1307869,7.739191055,15.85220718,5.891221046,2.78219223,4.75842905,662.1397705,26.81451607,0.061922349,3.243367432
RANDOM,6.676699162,59.12666321,9.264195442,10.52029514,3.32151413,8.593702316,2,1093.918701,67,9.775280273,3.726290039,0.98829187,0.951069153,25.47648811,6.289315224,17.17684364,7.303310394,3.637748957,2.52493906,622.4551392,26.60129547,0.059311684,1.457682983
RANDOM,3.331753731,70.07138824,6.757637501,5.766447544,5.6892519,6.575235367,34,752.5099487,0,14.78829395,1.348849121,2.972633057,41.30492578,15.09521866,3.50181365,9.483465195,2.751123428,2.088527679,3.680863857,594.0864868,26.19425964,0.000512885,19.38112891
RANDOM,9.542420387,48.40347672,21.49581146,7.541084766,2.954980135,7.754553318,44,2140.972412,0,2.162056396,0.242947174,0.107747757,59.90292578,3.880194187,12.53040791,19.66331291,7.614655972,5.70836544,3.015679359,651.4596558,26.27026367,0.687912703,2.027189941
RANDOM,2.80570364,68.44333649,11.73074532,6.025368214,3.21181345,5.288115978,26,1080.644775,0,9.754385742,0.307306549,0.955686096,34.85566016,22.54125214,7.210132122,12.42903042,4.066651821,2.188655615,2.159004927,553.6386108,26.65007782,0.046063401,18.20288867
RANDOM,8.311914444,50.86328506,21.5136013,7.689261436,2.478491545,6.60803175,17,2676.375977,0,0.416194489,2.126655273,0.591342163,54.80208203,6.181786537,12.40412521,21.47310829,9.096581459,4.253847599,2.653816938,655.7277222,26.52141571,0.607734203,3.911374023
RANDOM,1.912875056,40.74090958,20.80478287,19.23100471,2.153169155,13.25233936,0,1937.143799,0,1.218356689,16.12620703,0.386018097,7.519253906,10.92542171,15.87199497,25.08384323,13.6359663,7.617030621,1.880017042,523.9823608,25.4440136,0.55444324,8.44765625
RANDOM,1.998824716,63.90116882,5.462328434,14.39164829,4.559767723,8.027916908,1,2702.773193,0,0.46572345,4.514586426,0.391383484,53.72317578,20.11126518,5.122556686,15.12112904,8.374221802,2.75451231,2.06500721,566.7786255,25.9764061,0.115895212,0.217298554
RANDOM,2.241290808,71.32435608,9.860624313,7.031245232,2.62296319,4.404294968,3,594.4912109,0,3.412188477,1.252121094,3.412188477,47.29285938,33.14395523,7.061209679,16.09875488,8.39851284,3.309718847,1.760157943,556.2785034,26.24930573,0.072305828,31.22079102
RANDOM,7.662717342,55.79089355,12.74902439,6.862128735,6.6431036,7.138031006,5,1677.593506,0,0.212063538,1.882056641,0.212063538,18.07617188,16.6215992,7.783041477,19.00584412,7.420032978,4.65842247,7.216267109,641.9230957,27.25091171,0.222617283,4.210159668
RANDOM,2.182749987,74.28181458,11.38512325,2.778191566,2.960885048,3.229095459,0,1934.84314,0,1.719701782,5.617611328,0.659691467,37.26075781,24.43874359,9.257718086,14.02112484,3.616615534,1.899155498,3.310564041,637.1838989,26.66711998,0.008942865,13.87672852
RANDOM,3.053952456,48.34053421,20.11092377,10.60963058,3.35026741,10.50612545,0,2942.310059,0,7.290568359,6.185021484,0.69206488,14.7050625,9.254673004,17.01755905,22.84554291,12.49571896,6.944039822,2.498182058,516.6080933,25.65634346,0.784219384,0.806679749
RANDOM,2.959154844,53.33451843,12.18772411,13.99575901,4.913392067,10.47357368,2,2617.488525,0,8.680100586,4.809878418,0.250416107,31.33509961,14.63903522,10.42567444,20.01195526,9.614973068,5.212945938,3.159980297,577.9454956,26.14038849,0.217715889,5.102830566
RANDOM,6.922531605,58.80495071,8.742376328,9.31607914,6.609930992,5.184762001,1,1891.877319,0,4.830784668,4.145258301,0.908113648,14.49887207,12.93465614,7.340904713,21.98548698,16.04615211,3.185204744,7.429347038,614.9690552,26.43802071,0.055978797,4.752241699
RANDOM,3.002943039,64.24407959,9.033021927,6.423429489,4.795586586,6.505608559,6,2110.346436,0,3.536480713,3.406137451,0.018283621,9.8756875,13.5610075,7.778687,15.70402336,6.289198875,3.478080511,3.457831383,475.8130798,26.02350426,0.065135323,3.558263916
RANDOM,3.959436893,69.32917786,10.20879555,6.580105782,2.839844704,4.832642078,1,1845.496338,0,0.91054541,4.157875977,0.201341705,8.84593457,28.09662056,9.194046974,17.55596733,6.441948891,2.738037109,1.806021571,629.6748657,26.87578583,0.109712392,9.027089844
RANDOM,3.94844532,63.53079987,13.41909504,5.949093819,3.344861031,7.055588245,5,823.7920532,0,7.830874023,3.893413086,1.614038696,37.17158984,18.79835892,9.014432907,17.51018715,6.990249157,3.288493395,4.501815796,663.1062012,26.53043556,0.01396039,7.887602539
RANDOM,3.594162941,52.05653,14.92154408,8.428149223,5.164283276,9.006873131,3,2049.861572,0,2.56748291,4.730456543,0.308829559,17.31931641,16.58430672,10.16007423,18.06312943,7.522825718,5.478478432,3.555745602,455.440033,25.83613586,0.308027446,2.933530518
RANDOM,1.577275634,43.84277725,22.78203773,13.11600018,2.672044992,13.08008194,9,2596.72168,0,9.286108398,0.997267822,0.200577942,12.71916016,9.809797287,20.6764183,23.03007889,10.52677631,8.521167755,2.194264889,568.9864502,25.55220604,0.637417972,0.212144501
